구,맛집 1,맛집 2,맛집 3,맛집 4,맛집 5
강남구,울프강 스테이크하우스,구구당,일미리금계찜닭,이끼롤까스,카페 노티드
강동구,킹콩파스타,스윗솔트,차이나린찐,알라보,로니로티
강북구,마시미트,그밥에이반찬,대보명가,대동집,인수재
강서구,더메이드,우니크,미분당,타르데마,빵쌤
관악구,모힝,안녕베트남,온정돈까스,사생활,고요서울
광진구,노룬산분식,용용선생,마초쉐프,그자체베이커리,이이요
구로구,양대포,문어부인삼교비,신림춘천집,히어로스터,스시메이진
금천구,편백가원,말뚝곱창,히카,커피베이,애슐리퀸즈
노원구,페페그라노,토리쿠,오름,메모아,라라브레드
도봉구,메이다이닝,써브웨이,경복궁,대문,하이쿠
동대문구,일미간장게장,BK볏집,육전식당,동대문엽기떡볶이,닛시스시
동작구,장미맨숀,마라공방,신온누리에생돈까스,스타벅스,시간을 들이다
마포구,올더플레이트,곤로 야끼니꾸,이치류,문,산더미불고기
서대문구,머노까머나,정육면체,목란,반서울,그릭데이
서초구,매드포갈릭,델리쎄 106,소울버킷,에그드랍,텍사스데브라질
성동구,시옹마오,윕,난포,소소하게,비스트로성수
성북구,팔백집,문화식당,성북동누룽지백숙,동경산책,한스갤러리
송파구,빠레뜨한남,단디,비채나,원조부안집,동대문엽기떡볶이
양천구,포코아,더아리엘,우직서울,젠틀한식탁,강릉스낵
영등포구,아리수만찬,롱타임노씨,세상의모든아침,진주집,아루히
용산구,DOTZ,오아시스,로우앤슬로우,스타벅스,몽탄
은평구,시즈닝테이블,스시온도,롱브레드,밀14길,노랑고래
종로구,찬양집,꽃밥에피다,스태픽스,더숲,경양카츠
중구,부타이,충무집,은주정,태극당,빠우
중랑구,쿠우쿠우,써브웨이,꿀삼겹,주노샌드,배떡
